{"stats":{"minecraft:mined":{"minecraft:diamond_ore":1,"gravestone:gravestone":1,"minecraft:torch":5,"minecraft:granite":1,"minecraft:grass_block":1,"minecraft:tall_grass":1,"minecraft:copper_ore":2,"minecraft:wall_torch":6,"supplementaries:urn":3,"biomesoplenty:toadstool":1,"minecraft:iron_ore":40,"minecraft:andesite":14,"biomesoplenty:fir_log":6,"minecraft:grass":4,"minecraft:coal_ore":2,"minecraft:deepslate_iron_ore":5,"amendments:wall_lantern":1,"minecraft:stone":61,"minecraft:deepslate":5,"minecraft:fern":2},"minecraft:dropped":{"minecraft:bread":7,"gravestone:obituary":1},"minecraft:killed":{"minecraft:spider":4,"minecraft:skeleton":3,"minecraft:sheep":1,"minecraft:zombie":2},"minecraft:used":{"minecraft:cooked_mutton":3,"minecraft:stone_pickaxe":37,"minecraft:baked_potato":1,"minecraft:shield":11,"minecraft:cooked_chicken":2,"minecraft:torch":53,"minecraft:granite":1,"minecraft:lantern":1,"minecraft:iron_axe":37,"minecraft:bread":2,"minecraft:iron_pickaxe":99,"minecraft:stone_axe":38,"croptopia:persimmon":2,"minecraft:cobblestone":12,"minecraft:pumpkin_pie":2},"minecraft:broken":{"minecraft:iron_pickaxe":1},"minecraft:picked_up":{"minecraft:glow_ink_sac":2,"minecraft:andesite":13,"croptopia:glowing_calamari":1,"minecraft:potato":1,"biomesoplenty:fir_log":6,"supplementaries:flax_seeds":2,"minecraft:shield":1,"minecraft:lantern":1,"minecraft:string":2,"minecraft:dirt":1,"minecraft:raw_copper":7,"minecraft:cooked_mutton":2,"minecraft:bone":3,"minecraft:candle":1,"minecraft:cobbled_deepslate":5,"minecraft:iron_ingot":11,"minecraft:cooked_chicken":2,"minecraft:iron_pickaxe":2,"minecraft:oak_planks":3,"biomesoplenty:toadstool":1,"minecraft:raw_iron":44,"minecraft:torch":37,"minecraft:arrow":2,"minecraft:rotten_flesh":5,"minecraft:diamond":1,"minecraft:stone_axe":2,"minecraft:granite":1,"supplementaries:ash":8,"minecraft:mutton":1,"minecraft:coal":1,"minecraft:white_wool":1,"minecraft:cobblestone":48},"minecraft:custom":{"minecraft:interact_with_furnace":6,"minecraft:mob_kills":10,"minecraft:interact_with_crafting_table":6,"minecraft:interact_with_cartography_table":1,"minecraft:open_barrel":3,"minecraft:leave_game":1,"minecraft:time_since_death":180,"minecraft:sleep_in_bed":1,"minecraft:time_since_rest":390,"minecraft:sprint_one_cm":40891,"minecraft:damage_taken":1251,"minecraft:walk_one_cm":207029,"minecraft:damage_blocked_by_shield":313,"minecraft:drop":8,"minecraft:damage_dealt":1589,"minecraft:swim_one_cm":20622,"minecraft:fly_one_cm":12005,"minecraft:open_chest":14,"minecraft:crouch_one_cm":813,"minecraft:play_time":83957,"minecraft:deaths":2,"minecraft:sneak_time":429,"minecraft:walk_under_water_one_cm":25690,"minecraft:jump":852,"minecraft:walk_on_water_one_cm":32507,"minecraft:total_world_time":83957,"minecraft:fall_one_cm":12729},"minecraft:crafted":{"minecraft:baked_potato":1,"minecraft:stone_axe":1,"minecraft:cooked_mutton":1,"biomesoplenty:fir_planks":4,"minecraft:charcoal":5,"minecraft:iron_axe":1,"minecraft:stick":16,"minecraft:stone_pickaxe":1,"minecraft:torch":16}},"DataVersion":3465}