{"stats":{"minecraft:custom":{"minecraft:mob_kills":24,"minecraft:interact_with_crafting_table":25,"minecraft:bell_ring":1,"minecraft:leave_game":1,"minecraft:time_since_death":154592,"minecraft:climb_one_cm":17204,"minecraft:sprint_one_cm":315373,"minecraft:walk_one_cm":662101,"minecraft:damage_blocked_by_shield":170,"minecraft:drop":63,"minecraft:talked_to_villager":19,"minecraft:play_time":300192,"minecraft:deaths":8,"minecraft:sneak_time":1934,"minecraft:walk_under_water_one_cm":33923,"minecraft:boat_one_cm":61954,"minecraft:interact_with_brewingstand":1,"minecraft:jump":3460,"minecraft:interact_with_blast_furnace":1,"minecraft:walk_on_water_one_cm":41707,"minecraft:total_world_time":300192,"minecraft:interact_with_furnace":5,"minecraft:interact_with_cartography_table":2,"minecraft:pot_flower":1,"minecraft:sleep_in_bed":9,"minecraft:time_since_rest":153086,"minecraft:waystone_activated":1,"minecraft:damage_taken":4851,"minecraft:damage_dealt":3732,"minecraft:swim_one_cm":59720,"minecraft:fly_one_cm":115782,"minecraft:open_chest":41,"minecraft:crouch_one_cm":3748,"minecraft:interact_with_smoker":3,"minecraft:fall_one_cm":73624},"minecraft:used":{"minecraft:iron_bars":6,"minecraft:stone_shovel":130,"minecraft:bone_block":5,"minecraft:chest":1,"minecraft:shield":6,"minecraft:iron_sword":96,"minecraft:wooden_shovel":50,"minecraft:rotten_flesh":8,"minecraft:torch":11,"minecraft:dirt":63,"minecraft:wooden_axe":38,"minecraft:iron_axe":40,"biomesoplenty:orange_sand":29,"minecraft:stone_bricks":5,"minecraft:cooked_beef":3,"alexsmobs:boiled_emu_egg":1,"minecraft:mossy_stone_bricks":1,"minecraft:diorite":22,"minecraft:cobblestone_stairs":30,"minecraft:stone_pickaxe":416,"minecraft:wooden_pickaxe":11,"minecraft:cracked_stone_bricks":1,"minecraft:sand":69,"minecraft:crafting_table":2,"minecraft:acacia_door":6,"minecraft:melon_slice":26,"minecraft:birch_slab":3,"minecraft:bread":26,"minecraft:string":3,"minecraft:iron_pickaxe":251,"minecraft:gravel":98,"minecraft:stone_axe":39,"minecraft:cobblestone":302,"minecraft:cooked_porkchop":3,"minecraft:andesite":13,"minecraft:oak_boat":2,"minecraft:golden_pickaxe":9,"minecraft:cobweb":1},"minecraft:broken":{"minecraft:stone_pickaxe":2,"minecraft:iron_pickaxe":1,"minecraft:golden_pickaxe":1,"minecraft:wooden_axe":1},"minecraft:picked_up":{"minecraft:iron_chestplate":1,"minecraft:cocoa_beans":9,"minecraft:crafting_table":1,"minecraft:chicken":5,"minecraft:golden_pickaxe":1,"minecraft:brown_mushroom":1,"alexsmobs:roadrunner_feather":2,"gravestone:obituary":3,"minecraft:shield":1,"minecraft:acacia_door":3,"minecraft:string":6,"minecraft:iron_axe":1,"minecraft:iron_leggings":1,"minecraft:birch_fence":1,"minecraft:cracked_stone_bricks":1,"minecraft:cobbled_deepslate":5,"minecraft:beef":3,"minecraft:oak_boat":1,"minecraft:iron_pickaxe":3,"minecraft:melon_slice":32,"biomesoplenty:wildflower":1,"minecraft:egg":3,"minecraft:stick":4,"minecraft:copper_ingot":16,"minecraft:torch":15,"minecraft:green_bed":1,"croptopia:rhubarb_seed":1,"minecraft:diorite":58,"minecraft:stone_sword":1,"minecraft:arrow":2,"minecraft:rotten_flesh":20,"minecraft:jungle_stairs":2,"minecraft:peony":1,"biomesoplenty:orange_sandstone":7,"minecraft:hay_block":27,"alexsmobs:boiled_emu_egg":1,"croptopia:rhubarb":1,"alexsmobs:emu_egg":2,"supplementaries:ash":1,"minecraft:iron_bars":2,"biomesoplenty:orange_sand":43,"minecraft:bone_block":23,"minecraft:cobblestone":477,"paraglider:paraglider":1,"minecraft:lime_bed":1,"minecraft:leather_chestplate":1,"minecraft:feather":5,"minecraft:cooked_beef":3,"minecraft:andesite":42,"minecraft:birch_slab":5,"minecraft:jungle_log":1,"minecraft:leather":2,"minecraft:red_mushroom":38,"minecraft:flint":9,"paraglider:spirit_orb":2,"fishofthieves:grubs":9,"waystones:sandy_waystone":1,"minecraft:oak_log":9,"minecraft:cobblestone_stairs":9,"artifacts:pickaxe_heater":1,"minecraft:dirt":116,"minecraft:lantern":1,"minecraft:bone":4,"minecraft:acacia_planks":1,"minecraft:stone_bricks":5,"minecraft:wheat_seeds":12,"minecraft:raw_gold":3,"minecraft:stone_pickaxe":1,"fishofthieves:earthworms":13,"minecraft:mossy_stone_bricks":1,"minecraft:bamboo":9,"minecraft:iron_sword":1,"minecraft:cooked_porkchop":3,"minecraft:gravel":118,"tofucraft:seeds_rice":2,"minecraft:sand":73,"minecraft:leather_helmet":1,"tofucraft:seeds_soybeans":3,"biomesoplenty:mahogany_log":7,"minecraft:granite":14,"minecraft:emerald":5,"minecraft:bread":4,"minecraft:oak_sapling":2,"minecraft:coal":8},"minecraft:killed":{"minecraft:chicken":5,"minecraft:silverfish":3,"minecraft:drowned":1,"minecraft:husk":4,"alexsmobs:emu":1,"minecraft:pillager":2,"minecraft:zombie":5,"minecraft:cow":2},"minecraft:dropped":{"minecraft:iron_ingot":4,"minecraft:bread":6,"minecraft:iron_sword":1,"minecraft:brown_mushroom":1,"minecraft:wheat_seeds":10,"minecraft:cooked_porkchop":3,"minecraft:feather":3,"minecraft:cobblestone":2,"minecraft:chainmail_helmet":1,"minecraft:birch_slab":1,"minecraft:leather_helmet":2,"minecraft:flint":9,"minecraft:emerald":8,"biomesoplenty:orange_sand":7,"alexsmobs:roadrunner_feather":1,"minecraft:melon_slice":10,"gravestone:obituary":10,"minecraft:iron_axe":1,"minecraft:iron_pickaxe":2,"minecraft:string":3,"tofucraft:seeds_soybeans":2,"minecraft:gravel":6,"minecraft:cobbled_deepslate":2,"minecraft:stone_sword":1,"tofucraft:seeds_rice":2,"minecraft:leather_chestplate":1,"supplementaries:ash":1,"fishofthieves:earthworms":1,"minecraft:andesite":1,"minecraft:leather_boots":1,"artifacts:pickaxe_heater":1,"minecraft:stone_bricks":3,"biomesoplenty:orange_sandstone":7},"minecraft:crafted":{"minecraft:oak_planks":36,"minecraft:stone_shovel":3,"biomesoplenty:mahogany_planks":28,"minecraft:cobblestone_stairs":28,"minecraft:iron_axe":1,"minecraft:stone_pickaxe":4,"minecraft:chest":1,"minecraft:glistering_melon_slice":3,"minecraft:wheat":243,"minecraft:wooden_shovel":2,"minecraft:cooked_porkchop":9,"minecraft:crafting_table":2,"minecraft:wooden_pickaxe":1,"minecraft:stone_axe":1,"minecraft:bread":60,"minecraft:jungle_planks":4,"minecraft:oak_boat":2,"minecraft:gold_nugget":27,"minecraft:stick":44,"minecraft:iron_pickaxe":1,"minecraft:wooden_axe":1,"minecraft:acacia_door":6,"minecraft:torch":32},"minecraft:mined":{"minecraft:cobblestone_stairs":10,"minecraft:jungle_leaves":9,"biomesoplenty:desert_grass":1,"minecraft:granite":14,"gravestone:gravestone":6,"biomesoplenty:bush":4,"minecraft:grass_block":36,"minecraft:jungle_log":1,"minecraft:birch_slab":5,"biomesoplenty:orange_sandstone":7,"minecraft:red_mushroom":28,"biomesoplenty:dune_grass":4,"minecraft:large_fern":4,"minecraft:hay_block":27,"minecraft:cobbled_deepslate":4,"minecraft:suspicious_sand":2,"minecraft:andesite":40,"minecraft:vine":3,"croptopia:rhubarb_crop":1,"amendments:wall_lantern":1,"minecraft:iron_bars":2,"minecraft:stone":404,"minecraft:bone_block":24,"minecraft:tripwire":2,"minecraft:green_bed":1,"minecraft:podzol":4,"minecraft:brown_mushroom":1,"biomesoplenty:orange_sand":48,"biomesoplenty:wildflower":1,"minecraft:crafting_table":1,"minecraft:torch":2,"minecraft:jungle_stairs":2,"minecraft:melon":6,"minecraft:dead_bush":2,"minecraft:copper_ore":5,"minecraft:cobblestone":69,"minecraft:diorite":62,"minecraft:wall_torch":10,"minecraft:lime_bed":1,"biomesoplenty:mahogany_log":7,"minecraft:grass":20,"minecraft:infested_mossy_stone_bricks":2,"minecraft:coal_ore":8,"minecraft:oak_log":9,"minecraft:cocoa":3,"minecraft:acacia_door":3,"minecraft:gravel":123,"minecraft:sand":48,"minecraft:dirt":64,"minecraft:cobweb":1,"minecraft:cracked_stone_bricks":2,"minecraft:acacia_planks":1,"minecraft:stone_bricks":9,"minecraft:mossy_stone_bricks":5,"minecraft:oak_leaves":25,"minecraft:birch_fence":1,"minecraft:fern":34}},"DataVersion":3465}