{"stats":{"minecraft:dropped":{"minecraft:iron_sword":1,"minecraft:brown_mushroom":1,"minecraft:cooked_beef":5,"minecraft:oak_log":5,"minecraft:cooked_porkchop":9,"biomesoplenty:mahogany_planks":108,"minecraft:cracked_stone_bricks":12,"minecraft:leather_helmet":2,"minecraft:birch_slab":1,"minecraft:flint":9,"sophisticatedbackpacks:gold_backpack":3,"minecraft:emerald":20,"alexsmobs:roadrunner_feather":1,"gravestone:obituary":10,"minecraft:gold_nugget":18,"minecraft:iron_pickaxe":4,"croptopia:coconut":5,"minecraft:gold_ingot":15,"minecraft:gravel":6,"minecraft:cobbled_deepslate":2,"tofucraft:seeds_rice":2,"artifacts:villager_hat":1,"croptopia:cinnamon_log":7,"minecraft:chiseled_stone_bricks":1,"minecraft:leather_chestplate":1,"supplementaries:ash":1,"minecraft:jungle_log":232,"minecraft:leather_boots":1,"minecraft:iron_bars":27,"alexsmobs:banana":3,"biomesoplenty:mahogany_log":56,"minecraft:bread":6,"minecraft:iron_ingot":24,"minecraft:wheat_seeds":10,"minecraft:feather":3,"minecraft:cobblestone":29,"minecraft:jungle_wood":1,"minecraft:chainmail_helmet":1,"biomesoplenty:orange_sand":7,"minecraft:brewing_stand":1,"minecraft:melon_slice":10,"minecraft:iron_axe":2,"minecraft:string":3,"tofucraft:seeds_soybeans":2,"minecraft:redstone":22,"minecraft:stone_sword":1,"supplementaries:bomb":1,"sophisticatedbackpacks:backpack":5,"minecraft:name_tag":1,"fishofthieves:earthworms":1,"minecraft:andesite":1,"minecraft:mossy_stone_bricks":42,"artifacts:pickaxe_heater":1,"minecraft:stone_bricks":48,"fishofthieves:cooked_wildsplash":6,"biomesoplenty:orange_sandstone":7},"minecraft:killed":{"minecraft:spider":1,"fishofthieves:islehopper":2,"minecraft:skeleton":10,"fishofthieves:wildsplash":5,"minecraft:chicken":5,"minecraft:silverfish":17,"artifacts:mimic":1,"hunters_return:hunter":3,"minecraft:creeper":3,"minecraft:pillager":4,"aquaculture:minnow":3,"minecraft:zombie":31,"alexsmobs:roadrunner":3,"minecraft:glow_squid":1,"minecraft:cow":2,"minecraft:drowned":1,"minecraft:husk":10,"alexsmobs:guster":1,"alexsmobs:emu":1},"minecraft:custom":{"minecraft:interact_with_crafting_table":40,"minecraft:open_barrel":12,"minecraft:bell_ring":1,"minecraft:leave_game":2,"minecraft:time_since_death":56686,"minecraft:sprint_one_cm":542133,"minecraft:damage_blocked_by_shield":2950,"minecraft:drop":151,"minecraft:talked_to_villager":24,"minecraft:play_time":661014,"minecraft:deaths":12,"minecraft:jump":6514,"minecraft:interact_with_brewingstand":2,"minecraft:walk_on_water_one_cm":100081,"minecraft:interact_with_furnace":21,"minecraft:interact_with_cartography_table":3,"minecraft:sleep_in_bed":15,"minecraft:waystone_activated":1,"minecraft:damage_dealt":14891,"minecraft:crouch_one_cm":5300,"minecraft:interact_with_smoker":4,"minecraft:interact_with_smithing_table":2,"minecraft:mob_kills":106,"minecraft:damage_dealt_resisted":86,"minecraft:climb_one_cm":26472,"minecraft:walk_one_cm":1373380,"minecraft:sneak_time":3804,"minecraft:walk_under_water_one_cm":77084,"minecraft:interact_with_lectern":2,"minecraft:boat_one_cm":61954,"minecraft:interact_with_blast_furnace":1,"minecraft:total_world_time":661014,"minecraft:pot_flower":1,"minecraft:time_since_rest":110,"minecraft:damage_taken":10508,"minecraft:swim_one_cm":100661,"minecraft:fly_one_cm":212410,"minecraft:open_chest":102,"minecraft:fall_one_cm":135255},"minecraft:picked_up":{"minecraft:iron_chestplate":1,"minecraft:wheat":2,"croptopia:cinnamon_log":7,"minecraft:brown_bed":1,"minecraft:brewing_stand":1,"minecraft:string":9,"minecraft:raw_copper":1,"minecraft:iron_leggings":1,"biomesoplenty:dead_sapling":1,"alexsmobs:banana":3,"minecraft:red_sand":2,"minecraft:gold_nugget":18,"minecraft:cobbled_deepslate":48,"minecraft:iron_pickaxe":6,"minecraft:melon_slice":32,"croptopia:cinnamon_sapling":4,"minecraft:iron_boots":1,"minecraft:stick":28,"minecraft:torch":82,"minecraft:green_bed":1,"minecraft:porkchop":4,"minecraft:pointed_dripstone":2,"minecraft:diorite":58,"minecraft:stone_sword":1,"minecraft:rotten_flesh":56,"minecraft:tropical_fish":5,"artifacts:villager_hat":2,"biomesoplenty:mahogany_sapling":13,"alexsmobs:boiled_emu_egg":1,"alexsmobs:emu_egg":2,"endermanoverhaul:badlands_hood":1,"minecraft:white_terracotta":4,"supplementaries:ash":18,"cyclic:emerald_sword":1,"minecraft:iron_bars":27,"minecraft:cod":9,"minecraft:cobblestone":889,"paraglider:paraglider":1,"minecraft:sponge":2,"minecraft:leather_chestplate":1,"minecraft:feather":9,"minecraft:cooked_beef":6,"minecraft:andesite":60,"minecraft:birch_slab":5,"biomesoplenty:dried_salt":307,"minecraft:jungle_log":233,"minecraft:jungle_wood":2,"biomesoplenty:dead_log":68,"paraglider:spirit_orb":5,"minecraft:flint":9,"minecraft:tuff":13,"supplementaries:flax_seeds":7,"artifacts:pickaxe_heater":1,"minecraft:lapis_lazuli":14,"minecraft:dirt":142,"fishofthieves:wildsplash":12,"minecraft:lantern":2,"minecraft:name_tag":1,"minecraft:bone":24,"minecraft:acacia_planks":1,"minecraft:wheat_seeds":23,"minecraft:raw_gold":3,"fishofthieves:earthworms":18,"minecraft:mossy_stone_bricks":43,"minecraft:bamboo":9,"biomesoplenty:mahogany_planks":54,"minecraft:cooked_porkchop":11,"fishofthieves:islehopper":6,"tofucraft:seeds_rice":2,"minecraft:sand":74,"minecraft:ink_sac":2,"minecraft:light_gray_terracotta":5,"alexsmobs:guster_eye":1,"minecraft:diamond":3,"minecraft:granite":15,"minecraft:bread":4,"minecraft:emerald":35,"alexsmobs:maggot":1,"minecraft:oak_sapling":2,"sophisticatedbackpacks:gold_backpack":5,"minecraft:cocoa_beans":18,"minecraft:shelter_pottery_sherd":1,"minecraft:crafting_table":2,"minecraft:chicken":5,"minecraft:golden_pickaxe":1,"minecraft:brown_mushroom":1,"alexsmobs:roadrunner_feather":2,"gravestone:obituary":3,"minecraft:shield":1,"minecraft:acacia_door":3,"minecraft:iron_axe":2,"artifacts:power_glove":2,"minecraft:birch_fence":1,"supplementaries:bomb":4,"minecraft:cracked_stone_bricks":14,"minecraft:beef":3,"minecraft:oak_boat":1,"croptopia:coconut":5,"minecraft:jungle_sapling":14,"minecraft:iron_nugget":63,"biomesoplenty:wildflower":1,"minecraft:egg":3,"minecraft:raw_iron":3,"sophisticatedbackpacks:crafting_upgrade":1,"minecraft:copper_ingot":16,"sophisticatedbackpacks:backpack":5,"croptopia:rhubarb_seed":1,"minecraft:carrot":1,"minecraft:redstone":26,"minecraft:arrow":34,"minecraft:jungle_stairs":2,"minecraft:peony":1,"biomesoplenty:orange_sandstone":7,"minecraft:hay_block":59,"croptopia:rhubarb":1,"minecraft:yellow_terracotta":2,"minecraft:gold_ingot":26,"biomesoplenty:orange_sand":43,"minecraft:bone_block":23,"minecraft:wet_sponge":6,"minecraft:lime_bed":1,"minecraft:glow_ink_sac":25,"minecraft:salmon":11,"minecraft:leather":2,"minecraft:red_mushroom":38,"croptopia:glowing_calamari":4,"fishofthieves:grubs":9,"waystones:sandy_waystone":1,"minecraft:oak_log":14,"minecraft:gunpowder":6,"minecraft:cobblestone_wall":15,"minecraft:cobblestone_stairs":13,"minecraft:orange_terracotta":14,"minecraft:cooked_mutton":3,"minecraft:apple":4,"minecraft:stone_bricks":51,"minecraft:iron_ingot":53,"minecraft:stone_pickaxe":1,"aquaculture:minnow":3,"sophisticatedbackpacks:smelting_upgrade":1,"minecraft:iron_sword":1,"minecraft:chiseled_stone_bricks":1,"minecraft:dripstone_block":1,"minecraft:gravel":137,"minecraft:spider_eye":1,"tofucraft:seeds_soybeans":5,"minecraft:leather_helmet":1,"biomesoplenty:mahogany_log":79,"minecraft:birch_sign":14,"minecraft:terracotta":40,"minecraft:coal":36},"minecraft:mined":{"minecraft:cobblestone_stairs":14,"alexsmobs:leafcutter_anthill":1,"minecraft:jungle_leaves":9,"minecraft:brewing_stand":1,"minecraft:granite":15,"minecraft:red_sand":1,"minecraft:grass_block":36,"minecraft:jungle_log":281,"biomesoplenty:dried_salt":386,"biomesoplenty:orange_sandstone":7,"minecraft:chiseled_stone_bricks":1,"minecraft:spawner":1,"minecraft:iron_ore":36,"minecraft:cobbled_deepslate":4,"minecraft:deepslate_lapis_ore":3,"minecraft:brown_bed":1,"amendments:wall_lantern":2,"minecraft:iron_bars":29,"minecraft:tripwire":2,"minecraft:green_bed":1,"minecraft:deepslate_redstone_ore":6,"minecraft:brown_mushroom":1,"biomesoplenty:wildflower":1,"minecraft:orange_terracotta":11,"minecraft:light_gray_terracotta":5,"minecraft:torch":36,"minecraft:jungle_stairs":2,"croptopia:cinnamon_log":7,"minecraft:melon":6,"minecraft:dead_bush":2,"minecraft:cobblestone":88,"minecraft:wall_torch":30,"minecraft:white_terracotta":4,"minecraft:jungle_wood":1,"minecraft:wheat":4,"minecraft:infested_mossy_stone_bricks":6,"minecraft:grass":47,"biomesoplenty:dead_log":71,"minecraft:oak_log":14,"minecraft:sand":48,"minecraft:dirt":66,"minecraft:oak_leaves":26,"minecraft:deepslate":44,"minecraft:tuff":13,"minecraft:deepslate_diamond_ore":3,"biomesoplenty:desert_grass":1,"gravestone:gravestone":10,"biomesoplenty:bush":4,"minecraft:birch_slab":5,"minecraft:red_mushroom":28,"biomesoplenty:dune_grass":4,"minecraft:large_fern":5,"minecraft:hay_block":27,"minecraft:suspicious_sand":2,"minecraft:andesite":59,"croptopia:rhubarb_crop":1,"minecraft:deepslate_iron_ore":8,"minecraft:vine":17,"minecraft:stone":790,"minecraft:bone_block":24,"minecraft:podzol":4,"minecraft:glass_pane":1,"minecraft:infested_stone_bricks":1,"biomesoplenty:orange_sand":48,"minecraft:crafting_table":2,"minecraft:tall_grass":1,"minecraft:copper_ore":5,"minecraft:deepslate_gold_ore":6,"minecraft:diorite":62,"supplementaries:urn":21,"minecraft:lime_bed":1,"minecraft:cobblestone_wall":16,"biomesoplenty:mahogany_log":84,"minecraft:coal_ore":36,"minecraft:cocoa":5,"minecraft:gravel":137,"minecraft:acacia_door":3,"minecraft:cobweb":3,"minecraft:cracked_stone_bricks":14,"minecraft:terracotta":43,"minecraft:acacia_planks":1,"minecraft:stone_bricks":52,"minecraft:mossy_stone_bricks":48,"minecraft:birch_fence":1,"minecraft:fern":44},"minecraft:crafted":{"minecraft:oak_planks":36,"minecraft:cooked_chicken":4,"minecraft:cobblestone_stairs":128,"minecraft:chest":3,"minecraft:wooden_shovel":2,"minecraft:cooked_porkchop":14,"minecraft:crafting_table":2,"minecraft:wooden_pickaxe":1,"minecraft:stick":92,"minecraft:iron_ingot":11,"minecraft:iron_pickaxe":3,"minecraft:acacia_door":6,"minecraft:stone_shovel":3,"biomesoplenty:mahogany_planks":92,"fishofthieves:cooked_islehopper":6,"minecraft:iron_axe":3,"minecraft:stone_pickaxe":5,"minecraft:cobblestone_wall":138,"fishofthieves:cooked_wildsplash":12,"minecraft:wheat":243,"minecraft:glistering_melon_slice":3,"biomesoplenty:dead_planks":32,"minecraft:stone_axe":1,"minecraft:bread":63,"minecraft:jungle_planks":4,"minecraft:oak_boat":2,"minecraft:gold_nugget":27,"minecraft:wooden_axe":1,"minecraft:torch":220},"minecraft:used":{"fishofthieves:cooked_wildsplash":4,"minecraft:red_sand":2,"minecraft:bone_block":5,"minecraft:chest":3,"minecraft:shield":120,"minecraft:iron_sword":152,"minecraft:rotten_flesh":8,"minecraft:tuff":8,"minecraft:lantern":2,"minecraft:stone_bricks":5,"minecraft:bow":52,"endermanoverhaul:badlands_hood":14,"fishofthieves:cooked_islehopper":6,"minecraft:mossy_stone_bricks":1,"minecraft:diorite":22,"minecraft:stone_pickaxe":663,"minecraft:leather_chestplate":13,"minecraft:wooden_pickaxe":11,"minecraft:sand":70,"minecraft:crossbow":14,"minecraft:acacia_door":8,"minecraft:birch_slab":3,"minecraft:melon_slice":26,"minecraft:bread":29,"minecraft:string":3,"minecraft:gravel":112,"biomesoplenty:dried_salt":307,"minecraft:andesite":45,"minecraft:oak_boat":2,"minecraft:golden_pickaxe":9,"minecraft:cobweb":1,"minecraft:iron_bars":6,"minecraft:stone_shovel":393,"minecraft:wooden_shovel":50,"minecraft:cooked_chicken":4,"minecraft:torch":187,"cyclic:emerald_sword":201,"minecraft:dirt":89,"minecraft:cobblestone_wall":129,"minecraft:granite":7,"minecraft:wooden_axe":38,"minecraft:iron_axe":613,"biomesoplenty:orange_sand":29,"minecraft:cooked_beef":21,"minecraft:cobbled_deepslate":28,"minecraft:orange_terracotta":14,"alexsmobs:boiled_emu_egg":1,"minecraft:cooked_mutton":3,"minecraft:water_bucket":6,"minecraft:cobblestone_stairs":121,"minecraft:cracked_stone_bricks":1,"minecraft:terracotta":36,"minecraft:crafting_table":3,"supplementaries:bomb":4,"minecraft:iron_pickaxe":859,"minecraft:stone_axe":39,"minecraft:cobblestone":439,"minecraft:cooked_porkchop":16,"minecraft:bucket":6},"minecraft:killed_by":{"minecraft:skeleton":1},"minecraft:broken":{"minecraft:chainmail_boots":1,"minecraft:stone_pickaxe":4,"minecraft:wooden_axe":1,"minecraft:stone_shovel":3,"minecraft:leather_helmet":1,"minecraft:iron_axe":2,"minecraft:iron_pickaxe":3,"minecraft:golden_pickaxe":1}},"DataVersion":3465}