{"stats":{"minecraft:custom":{"minecraft:mob_kills":67,"minecraft:interact_with_crafting_table":61,"minecraft:bell_ring":2,"minecraft:time_since_death":62678,"minecraft:climb_one_cm":11104,"minecraft:sprint_one_cm":853259,"minecraft:walk_one_cm":829000,"minecraft:damage_blocked_by_shield":3128,"minecraft:drop":46,"minecraft:talked_to_villager":4,"minecraft:play_time":322006,"minecraft:deaths":8,"minecraft:sneak_time":2646,"minecraft:walk_under_water_one_cm":81897,"minecraft:boat_one_cm":46210,"minecraft:jump":3776,"minecraft:interact_with_brewingstand":1,"minecraft:interact_with_blast_furnace":1,"minecraft:walk_on_water_one_cm":90006,"minecraft:total_world_time":322006,"minecraft:interact_with_furnace":67,"minecraft:sleep_in_bed":5,"minecraft:time_since_rest":62708,"minecraft:waystone_activated":3,"minecraft:damage_taken":5335,"minecraft:damage_dealt":12388,"minecraft:swim_one_cm":51957,"minecraft:fly_one_cm":510412,"minecraft:open_chest":77,"minecraft:crouch_one_cm":4422,"minecraft:interact_with_smoker":1,"minecraft:fall_one_cm":68045,"minecraft:horse_one_cm":1913},"minecraft:used":{"minecraft:stone_sword":205,"minecraft:iron_shovel":2,"minecraft:chest":2,"minecraft:shield":114,"minecraft:iron_sword":125,"minecraft:rotten_flesh":2,"minecraft:iron_chestplate":1,"minecraft:torch":75,"minecraft:jungle_planks":2,"minecraft:obsidian":3,"minecraft:glass":1,"minecraft:lantern":8,"minecraft:iron_axe":95,"biomesoplenty:orange_sand":1,"minecraft:hay_block":1,"minecraft:furnace":6,"minecraft:cooked_beef":13,"minecraft:cobbled_deepslate":27,"minecraft:acacia_planks":4,"minecraft:iron_leggings":1,"alexsmobs:boiled_emu_egg":3,"croptopia:grape":1,"minecraft:cooked_mutton":3,"minecraft:wheat_seeds":13,"minecraft:acacia_boat":1,"minecraft:water_bucket":78,"minecraft:stone_pickaxe":143,"minecraft:oak_planks":3,"minecraft:wooden_pickaxe":45,"minecraft:green_bed":4,"minecraft:jungle_boat":3,"minecraft:crafting_table":15,"minecraft:crossbow":18,"minecraft:oak_log":2,"waystones:waystone":2,"minecraft:bread":42,"minecraft:melon_slice":31,"minecraft:iron_pickaxe":250,"minecraft:gravel":4,"minecraft:wooden_sword":23,"minecraft:cobblestone":23,"minecraft:bucket":78,"minecraft:glass_pane":4,"minecraft:oak_boat":1,"alexsmobs:animal_dictionary":6,"minecraft:golden_pickaxe":23,"minecraft:chainmail_leggings":1},"minecraft:broken":{"minecraft:stone_pickaxe":1,"minecraft:leather_boots":1,"minecraft:iron_pickaxe":1},"minecraft:picked_up":{"minecraft:wheat":18,"minecraft:crafting_table":6,"croptopia:zucchini":2,"minecraft:chicken":5,"croptopia:grape_seed":2,"minecraft:string":5,"minecraft:iron_axe":1,"alexsmobs:emu_feather":2,"minecraft:cobbled_deepslate":32,"minecraft:beef":32,"minecraft:oak_boat":1,"minecraft:melon_slice":130,"minecraft:sugar_cane":11,"minecraft:furnace":2,"minecraft:stick":12,"minecraft:raw_iron":139,"minecraft:sandstone":6,"minecraft:torch":16,"minecraft:green_bed":4,"minecraft:acacia_log":35,"biomesoplenty:wilted_lily":1,"minecraft:porkchop":9,"minecraft:diorite":21,"croptopia:grape":1,"minecraft:arrow":8,"minecraft:stone_sword":4,"minecraft:rotten_flesh":21,"biomesoplenty:palm_log":1,"biomesoplenty:orange_sandstone":15,"minecraft:hay_block":48,"alexsmobs:emu_egg":5,"supplementaries:ash":21,"minecraft:mutton":6,"minecraft:white_wool":5,"minecraft:cobblestone":122,"biomesoplenty:orange_sand":14,"minecraft:birch_log":7,"minecraft:leather_chestplate":1,"minecraft:feather":9,"minecraft:jungle_boat":1,"minecraft:glow_ink_sac":11,"minecraft:andesite":14,"minecraft:birch_slab":2,"minecraft:jungle_log":21,"minecraft:leather":18,"croptopia:glowing_calamari":6,"paraglider:spirit_orb":2,"minecraft:flint":10,"minecraft:tuff":1,"waystones:sandy_waystone":1,"minecraft:oak_log":41,"supplementaries:flax_seeds":5,"minecraft:gunpowder":3,"minecraft:lapis_lazuli":142,"minecraft:dirt":8,"fishofthieves:wildsplash":1,"minecraft:lantern":3,"minecraft:leather_boots":2,"minecraft:bone":31,"minecraft:apple":9,"cyclic:flower_purple_tulip":1,"minecraft:wheat_seeds":48,"minecraft:raw_gold":24,"minecraft:iron_ingot":28,"minecraft:stone_pickaxe":1,"minecraft:bamboo":19,"minecraft:acacia_sapling":2,"minecraft:cooked_porkchop":3,"minecraft:gravel":7,"minecraft:sand":2,"minecraft:bundle":1,"minecraft:spider_eye":6,"minecraft:leather_helmet":2,"tofucraft:seeds_soybeans":2,"fishofthieves:fish_bone":1,"minecraft:diamond":2,"waystones:waystone":2,"minecraft:granite":6,"minecraft:bone_meal":1,"minecraft:bread":6,"minecraft:emerald":20,"minecraft:chainmail_helmet":1,"minecraft:oak_sapling":21,"croptopia:zucchini_seed":2,"minecraft:coal":61},"minecraft:killed":{"minecraft:spider":7,"minecraft:skeleton":5,"minecraft:chicken":4,"minecraft:husk":3,"minecraft:pig":4,"mutantmonsters:mutant_skeleton":1,"minecraft:creeper":2,"minecraft:sheep":5,"minecraft:pillager":2,"tinyskeletons:baby_skeleton":1,"minecraft:zombie":15,"alexsmobs:roadrunner":1,"minecraft:cow":13},"minecraft:dropped":{"minecraft:bread":4,"minecraft:cooked_beef":3,"minecraft:golden_pickaxe":1,"minecraft:cooked_porkchop":3,"alexsmobs:boiled_emu_egg":1,"minecraft:cobblestone":6,"minecraft:lantern":2,"minecraft:apple":6,"minecraft:jungle_planks":5,"minecraft:leather_helmet":1,"paraglider:spirit_orb":1,"minecraft:emerald":1,"biomesoplenty:orange_sand":6,"croptopia:zucchini_seed":2,"minecraft:melon_slice":1,"minecraft:iron_leggings":1,"gravestone:obituary":4,"minecraft:wooden_sword":1,"minecraft:iron_axe":1,"minecraft:iron_pickaxe":1,"paraglider:paraglider":1,"minecraft:stone_sword":5,"minecraft:rotten_flesh":2,"minecraft:leather_chestplate":1,"croptopia:zucchini":1,"minecraft:shield":1,"minecraft:iron_chestplate":1,"minecraft:spider_eye":1,"biomesoplenty:orange_sandstone":7,"minecraft:sandstone":6,"minecraft:stone_pickaxe":2,"minecraft:wooden_pickaxe":2},"minecraft:crafted":{"minecraft:wooden_sword":1,"minecraft:oak_planks":16,"minecraft:iron_nugget":8,"minecraft:furnace":4,"minecraft:glass_pane":16,"minecraft:cooked_mutton":6,"minecraft:glass":7,"minecraft:lantern":9,"minecraft:iron_axe":1,"minecraft:stone_pickaxe":3,"croptopia:flour":12,"minecraft:chest":4,"minecraft:wheat":47,"minecraft:cooked_beef":16,"paraglider:paraglider":2,"minecraft:arrow":8,"sophisticatedbackpacks:backpack":1,"minecraft:crafting_table":9,"minecraft:jungle_boat":3,"minecraft:wooden_pickaxe":2,"minecraft:iron_sword":1,"alexsmobs:boiled_emu_egg":4,"minecraft:stone_axe":1,"minecraft:acacia_boat":1,"minecraft:bread":132,"minecraft:air":906,"minecraft:jungle_planks":39,"minecraft:oak_boat":1,"minecraft:iron_chestplate":2,"minecraft:shield":2,"minecraft:stick":28,"minecraft:iron_ingot":78,"minecraft:iron_pickaxe":2,"minecraft:stone_sword":3,"minecraft:iron_leggings":2,"minecraft:iron_shovel":1,"minecraft:gold_ingot":10,"minecraft:acacia_planks":65,"minecraft:torch":21},"minecraft:mined":{"minecraft:tuff":1,"minecraft:deepslate_diamond_ore":2,"biomesoplenty:desert_grass":12,"minecraft:jungle_leaves":1,"minecraft:granite":2,"gravestone:gravestone":6,"biomesoplenty:bush":2,"minecraft:acacia_log":36,"minecraft:jungle_log":19,"biomesoplenty:wilted_lily":1,"biomesoplenty:dead_grass":1,"biomesoplenty:orange_sandstone":1,"minecraft:sandstone":6,"biomesoplenty:dune_grass":20,"biomesoplenty:palm_log":1,"minecraft:spawner":1,"minecraft:hay_block":49,"minecraft:tall_seagrass":1,"minecraft:furnace":2,"minecraft:iron_ore":92,"minecraft:andesite":14,"minecraft:deepslate_lapis_ore":14,"minecraft:peony":1,"minecraft:deepslate_iron_ore":47,"minecraft:vine":6,"biomesoplenty:mahogany_leaves":1,"amendments:wall_lantern":1,"minecraft:bamboo":2,"minecraft:stone":123,"minecraft:green_bed":4,"minecraft:acacia_leaves":1,"biomesoplenty:orange_sand":4,"cyclic:flower_purple_tulip":1,"minecraft:crafting_table":6,"minecraft:poppy":1,"minecraft:melon":24,"supplementaries:wild_flax":1,"minecraft:glass":1,"minecraft:tall_grass":1,"minecraft:cobblestone":3,"minecraft:deepslate_gold_ore":18,"biomesoplenty:sprout":1,"minecraft:lapis_ore":7,"minecraft:sugar_cane":3,"minecraft:diorite":21,"minecraft:wall_torch":4,"supplementaries:urn":18,"minecraft:seagrass":1,"croptopia:zucchini_crop":1,"minecraft:birch_log":7,"minecraft:wheat":18,"minecraft:grass":14,"minecraft:coal_ore":62,"minecraft:oak_log":42,"minecraft:sand":2,"minecraft:gravel":3,"minecraft:gold_ore":8,"minecraft:deepslate":13,"minecraft:oak_leaves":3,"minecraft:fern":24}},"DataVersion":3465}