{"stats":{"minecraft:mined":{"minecraft:deepslate_diamond_ore":2,"gravestone:gravestone":1,"minecraft:granite":12,"minecraft:grass_block":9,"minecraft:furnace":3,"minecraft:iron_ore":37,"minecraft:snow":2,"minecraft:deepslate_lapis_ore":1,"minecraft:deepslate_iron_ore":21,"minecraft:lantern":1,"minecraft:stone":107,"minecraft:smoker":1,"croptopia:sweetpotato_crop":1,"minecraft:crafting_table":4,"minecraft:torch":6,"croptopia:oat_crop":1,"minecraft:tall_grass":1,"biomesoplenty:sprout":1,"minecraft:deepslate_gold_ore":13,"minecraft:lapis_ore":1,"minecraft:diorite":1,"minecraft:wall_torch":14,"supplementaries:urn":3,"minecraft:magenta_bed":1,"minecraft:spruce_log":2,"biomesoplenty:fir_log":16,"minecraft:grass":8,"minecraft:oak_log":5,"minecraft:coal_ore":112,"minecraft:sand":1,"minecraft:gravel":62,"minecraft:dirt":29,"minecraft:deepslate":26,"minecraft:fern":2},"minecraft:dropped":{"minecraft:iron_ingot":11,"minecraft:lantern":1,"croptopia:sweetpotato":1,"minecraft:torch":31,"croptopia:sweetpotato_seed":2,"gravestone:obituary":1,"minecraft:iron_pickaxe":7,"minecraft:string":2,"biomesoplenty:toadstool":1,"minecraft:stone_axe":2,"minecraft:cooked_chicken":2,"minecraft:stone_sword":2,"minecraft:cobbled_deepslate":2,"minecraft:wheat":1,"minecraft:oak_planks":3,"minecraft:cooked_mutton":2,"supplementaries:flax_seeds":1,"minecraft:shield":2,"minecraft:stone_pickaxe":1},"minecraft:killed":{"minecraft:spider":7,"minecraft:skeleton":3,"minecraft:chicken":2,"minecraft:pig":2,"minecraft:creeper":1,"minecraft:sheep":10,"minecraft:zombie":13,"tinyskeletons:baby_skeleton":1},"minecraft:used":{"minecraft:stone_sword":153,"minecraft:stone_shovel":90,"minecraft:chest":2,"minecraft:shield":39,"minecraft:iron_chestplate":1,"minecraft:torch":103,"minecraft:dirt":34,"minecraft:lantern":2,"minecraft:iron_axe":4,"croptopia:persimmon":5,"croptopia:peach":6,"minecraft:bow":12,"minecraft:furnace":4,"minecraft:egg":2,"minecraft:cobbled_deepslate":16,"minecraft:cooked_mutton":14,"minecraft:stone_pickaxe":110,"minecraft:wooden_pickaxe":20,"minecraft:crafting_table":5,"minecraft:white_bed":1,"minecraft:apple":9,"minecraft:bread":7,"minecraft:iron_pickaxe":211,"minecraft:gravel":7,"minecraft:cobblestone":2,"minecraft:cooked_porkchop":3,"alexsmobs:animal_dictionary":1},"minecraft:broken":{"minecraft:stone_sword":1},"minecraft:custom":{"minecraft:mob_kills":42,"minecraft:interact_with_crafting_table":36,"minecraft:open_barrel":12,"minecraft:eat_cake_slice":2,"minecraft:leave_game":5,"minecraft:time_since_death":775,"minecraft:sprint_one_cm":265369,"minecraft:walk_one_cm":421922,"minecraft:damage_blocked_by_shield":1017,"minecraft:drop":45,"minecraft:play_time":207180,"minecraft:deaths":2,"minecraft:sneak_time":446,"minecraft:walk_under_water_one_cm":40174,"minecraft:jump":1767,"minecraft:walk_on_water_one_cm":63915,"minecraft:total_world_time":207180,"minecraft:interact_with_furnace":57,"minecraft:sleep_in_bed":4,"minecraft:time_since_rest":820,"minecraft:damage_taken":2253,"minecraft:damage_dealt":6015,"minecraft:fly_one_cm":150393,"minecraft:swim_one_cm":65093,"minecraft:open_chest":42,"minecraft:crouch_one_cm":716,"minecraft:fall_one_cm":27397},"minecraft:picked_up":{"minecraft:crafting_table":4,"minecraft:wheat":1,"minecraft:chicken":2,"croptopia:peach":6,"croptopia:sweetpotato_seed":2,"gravestone:obituary":1,"minecraft:shield":1,"minecraft:string":16,"minecraft:gold_nugget":13,"minecraft:cobbled_deepslate":26,"minecraft:iron_pickaxe":5,"minecraft:furnace":3,"minecraft:egg":3,"minecraft:stick":1,"minecraft:raw_iron":59,"minecraft:torch":39,"minecraft:porkchop":3,"minecraft:diorite":1,"minecraft:stone_sword":2,"minecraft:arrow":2,"minecraft:rotten_flesh":9,"croptopia:persimmon":7,"minecraft:mutton":16,"minecraft:snowball":2,"minecraft:white_wool":9,"minecraft:cobblestone":110,"minecraft:feather":3,"minecraft:smoker":1,"biomesoplenty:fir_log":16,"minecraft:flint":12,"minecraft:oak_log":5,"supplementaries:flax_seeds":2,"minecraft:magenta_bed":1,"minecraft:gunpowder":1,"minecraft:lapis_lazuli":11,"minecraft:dirt":38,"minecraft:lantern":2,"minecraft:bone":2,"minecraft:apple":9,"croptopia:sweetpotato":1,"minecraft:bow":1,"minecraft:raw_gold":13,"minecraft:iron_ingot":3,"fishofthieves:earthworms":5,"biomesoplenty:toadstool":3,"minecraft:gravel":49,"minecraft:sand":1,"croptopia:oat":1,"minecraft:spruce_log":2,"minecraft:spider_eye":1,"minecraft:diamond":2,"minecraft:granite":12,"minecraft:gray_wool":1,"minecraft:emerald":8,"minecraft:bread":7,"minecraft:oak_sapling":3,"minecraft:coal":160},"minecraft:crafted":{"minecraft:oak_planks":5,"minecraft:stone_shovel":1,"minecraft:iron_nugget":9,"minecraft:cooked_chicken":2,"minecraft:furnace":2,"minecraft:white_carpet":3,"minecraft:cooked_mutton":16,"minecraft:lantern":2,"minecraft:stone_pickaxe":1,"minecraft:chest":2,"sleeping_bags:white_sleeping_bag":1,"minecraft:arrow":3,"minecraft:cooked_porkchop":3,"minecraft:crafting_table":3,"minecraft:wooden_pickaxe":1,"minecraft:bread":6,"minecraft:air":158,"biomesoplenty:fir_planks":18,"minecraft:iron_chestplate":1,"minecraft:shield":2,"minecraft:stick":27,"minecraft:iron_ingot":35,"minecraft:iron_pickaxe":3,"minecraft:stone_sword":2,"minecraft:white_bed":1,"minecraft:torch":42}},"DataVersion":3465}