{"stats":{"minecraft:dropped":{"minecraft:cooked_beef":6,"minecraft:golden_pickaxe":1,"minecraft:cooked_porkchop":5,"minecraft:lantern":2,"minecraft:jungle_planks":5,"minecraft:leather_helmet":1,"paraglider:spirit_orb":4,"minecraft:emerald":9,"minecraft:cod":9,"sophisticatedbackpacks:gold_backpack":1,"gravestone:obituary":4,"minecraft:wooden_sword":2,"minecraft:wet_sponge":12,"minecraft:iron_pickaxe":2,"paraglider:paraglider":1,"minecraft:rotten_flesh":2,"minecraft:salmon":11,"sophisticatedbackpacks:smelting_upgrade":2,"minecraft:leather_chestplate":1,"supplementaries:ash":14,"croptopia:zucchini":1,"biomesoplenty:mahogany_log":64,"minecraft:bread":4,"minecraft:shelter_pottery_sherd":1,"alexsmobs:boiled_emu_egg":1,"minecraft:cobblestone":7,"minecraft:apple":6,"minecraft:tropical_fish":5,"minecraft:golden_apple":1,"biomesoplenty:orange_sand":6,"minecraft:sponge":4,"minecraft:torch":28,"croptopia:zucchini_seed":2,"minecraft:melon_slice":1,"minecraft:iron_leggings":1,"minecraft:iron_axe":1,"sophisticatedbackpacks:crafting_upgrade":1,"minecraft:iron_shovel":1,"cyclic:emerald_sword":1,"endermanoverhaul:badlands_hood":1,"minecraft:stone_sword":5,"minecraft:iron_boots":1,"sophisticatedbackpacks:backpack":4,"minecraft:glass_pane":1,"minecraft:hay_block":32,"minecraft:shield":1,"minecraft:iron_chestplate":1,"minecraft:spider_eye":1,"minecraft:brown_carpet":1,"biomesoplenty:orange_sandstone":7,"minecraft:sandstone":6,"minecraft:stone_pickaxe":2,"minecraft:wooden_pickaxe":2},"minecraft:killed":{"minecraft:spider":15,"minecraft:skeleton":17,"minecraft:chicken":4,"minecraft:silverfish":6,"endermanoverhaul:badlands_enderman":1,"minecraft:pig":4,"minecraft:zombie_villager":1,"hunters_return:hunter":2,"mutantmonsters:mutant_skeleton":1,"minecraft:creeper":6,"minecraft:sheep":5,"minecraft:pillager":2,"tinyskeletons:baby_skeleton":4,"minecraft:zombie":49,"alexsmobs:roadrunner":1,"minecraft:glow_squid":2,"minecraft:cow":17,"alexsmobs:rattlesnake":2,"minecraft:husk":33,"alexsmobs:guster":3,"minecraft:enderman":3},"minecraft:custom":{"minecraft:interact_with_crafting_table":130,"minecraft:open_barrel":24,"minecraft:bell_ring":9,"minecraft:leave_game":4,"minecraft:time_since_death":139281,"minecraft:sprint_one_cm":1199316,"minecraft:damage_blocked_by_shield":7319,"minecraft:drop":85,"minecraft:talked_to_villager":7,"minecraft:play_time":726083,"minecraft:deaths":13,"minecraft:interact_with_brewingstand":1,"minecraft:jump":5873,"minecraft:walk_on_water_one_cm":124865,"minecraft:interact_with_furnace":157,"minecraft:interact_with_cartography_table":1,"minecraft:sleep_in_bed":9,"minecraft:waystone_activated":4,"minecraft:damage_dealt":31525,"minecraft:crouch_one_cm":6319,"minecraft:interact_with_smoker":1,"minecraft:horse_one_cm":1913,"minecraft:interact_with_smithing_table":1,"minecraft:interact_with_anvil":5,"minecraft:mob_kills":183,"minecraft:interact_with_campfire":10,"minecraft:damage_dealt_resisted":101,"minecraft:climb_one_cm":14211,"minecraft:walk_one_cm":1640784,"minecraft:damage_dealt_absorbed":75,"minecraft:target_hit":1,"minecraft:sneak_time":4291,"minecraft:walk_under_water_one_cm":101328,"minecraft:boat_one_cm":46210,"minecraft:interact_with_blast_furnace":1,"minecraft:total_world_time":726083,"minecraft:time_since_rest":31557,"minecraft:damage_taken":10848,"minecraft:swim_one_cm":66601,"minecraft:fly_one_cm":746786,"minecraft:open_chest":312,"minecraft:fall_one_cm":104004},"minecraft:picked_up":{"croptopia:zucchini":2,"minecraft:wheat":18,"croptopia:cinnamon_log":7,"croptopia:grape_seed":2,"minecraft:smithing_table":1,"minecraft:brewing_stand":1,"minecraft:golden_sword":4,"minecraft:string":23,"minecraft:raw_copper":17,"alexsmobs:emu_feather":2,"alexsmobs:banana":3,"minecraft:gold_nugget":96,"minecraft:cobbled_deepslate":60,"minecraft:redstone_torch":2,"minecraft:melon_slice":130,"minecraft:furnace":4,"minecraft:stick":16,"minecraft:torch":67,"minecraft:acacia_log":35,"minecraft:green_bed":4,"minecraft:porkchop":12,"minecraft:pointed_dripstone":2,"minecraft:diorite":22,"minecraft:brown_carpet":1,"minecraft:stone_sword":4,"minecraft:rotten_flesh":88,"biomesoplenty:palm_log":1,"biomesoplenty:mahogany_sapling":15,"supplementaries:antique_ink":4,"alexsmobs:emu_egg":5,"endermanoverhaul:badlands_hood":1,"supplementaries:ash":38,"cyclic:emerald_sword":1,"minecraft:iron_bars":27,"minecraft:cobblestone":416,"minecraft:sponge":4,"minecraft:birch_log":7,"minecraft:leather_chestplate":1,"minecraft:feather":9,"minecraft:cooked_beef":5,"minecraft:andesite":14,"minecraft:birch_slab":2,"biomesoplenty:dried_salt":28,"minecraft:jungle_log":253,"minecraft:smoker":2,"paraglider:spirit_orb":6,"minecraft:flint":10,"minecraft:tuff":1,"supplementaries:flax_seeds":9,"minecraft:acacia_boat":1,"minecraft:lapis_lazuli":142,"endermanoverhaul:tiny_skull":4,"minecraft:dirt":45,"fishofthieves:wildsplash":3,"minecraft:lantern":4,"minecraft:leather_boots":2,"minecraft:bone":72,"minecraft:chipped_anvil":1,"minecraft:acacia_planks":1,"minecraft:wheat_seeds":57,"minecraft:raw_gold":46,"fishofthieves:earthworms":1,"minecraft:mossy_stone_bricks":65,"minecraft:bamboo":19,"biomesoplenty:mahogany_planks":57,"minecraft:cooked_porkchop":12,"artifacts:rooted_boots":1,"minecraft:sand":81,"cyclic:flower_absalon_tulip":1,"minecraft:ink_sac":3,"minecraft:grass_block":1,"minecraft:bundle":1,"alexsmobs:guster_eye":2,"minecraft:diamond":7,"waystones:waystone":3,"alexsmobs:rattlesnake_rattle":1,"minecraft:granite":6,"minecraft:bone_meal":1,"minecraft:golden_apple":1,"minecraft:chainmail_helmet":1,"minecraft:bread":7,"minecraft:emerald":26,"fishofthieves:cooked_wildsplash":6,"minecraft:oak_sapling":27,"croptopia:zucchini_seed":2,"sophisticatedbackpacks:gold_backpack":1,"minecraft:crafting_table":9,"minecraft:chicken":5,"minecraft:leather_leggings":1,"gravestone:obituary":1,"minecraft:brick":4,"minecraft:red_bed":1,"minecraft:iron_axe":2,"minecraft:wooden_sword":2,"minecraft:iron_shovel":1,"minecraft:glass_pane":1,"minecraft:cracked_stone_bricks":12,"paraglider:rito_goddess_statue":1,"minecraft:beef":43,"minecraft:oak_boat":1,"croptopia:coconut":5,"minecraft:iron_nugget":17,"minecraft:chest":3,"minecraft:sugar_cane":56,"minecraft:raw_iron":190,"minecraft:sandstone":6,"sophisticatedbackpacks:backpack":5,"biomesoplenty:wilted_lily":1,"minecraft:carrot":2,"minecraft:redstone":22,"croptopia:grape":1,"minecraft:arrow":22,"biomesoplenty:orange_sandstone":15,"minecraft:hay_block":80,"minecraft:yellow_terracotta":5,"minecraft:mutton":13,"minecraft:white_wool":5,"biomesoplenty:orange_sand":14,"minecraft:bone_block":17,"minecraft:wet_sponge":12,"minecraft:jungle_boat":1,"minecraft:basalt":5,"minecraft:glow_ink_sac":18,"minecraft:leather":23,"croptopia:glowing_calamari":9,"fishofthieves:grubs":8,"waystones:sandy_waystone":1,"minecraft:oak_log":62,"artifacts:superstitious_hat":1,"minecraft:gunpowder":6,"minecraft:cobblestone_stairs":2,"minecraft:white_banner":1,"minecraft:cooked_mutton":11,"minecraft:apple":9,"minecraft:stone_bricks":96,"cyclic:flower_purple_tulip":1,"minecraft:iron_ingot":34,"minecraft:stone_pickaxe":1,"sophisticatedbackpacks:smelting_upgrade":1,"minecraft:mangrove_planks":8,"minecraft:acacia_sapling":2,"minecraft:smooth_basalt":5,"minecraft:chiseled_stone_bricks":1,"minecraft:dripstone_block":2,"minecraft:gravel":14,"minecraft:spider_eye":10,"minecraft:leather_helmet":2,"tofucraft:seeds_soybeans":2,"minecraft:cut_red_sandstone":2,"fishofthieves:fish_bone":1,"biomesoplenty:mahogany_log":219,"minecraft:iron_helmet":1,"minecraft:birch_sign":31,"minecraft:terracotta":3,"minecraft:coal":249,"minecraft:ender_pearl":5},"minecraft:mined":{"minecraft:cobblestone_stairs":2,"minecraft:jungle_leaves":1,"paraglider:rito_goddess_statue":1,"minecraft:granite":2,"minecraft:acacia_log":36,"minecraft:grass_block":8,"minecraft:jungle_log":19,"biomesoplenty:dried_salt":1,"biomesoplenty:wilted_lily":1,"biomesoplenty:orange_sandstone":1,"minecraft:spawner":2,"biomesoplenty:palm_log":1,"minecraft:tall_seagrass":1,"minecraft:iron_ore":128,"minecraft:deepslate_lapis_ore":14,"minecraft:pointed_dripstone":2,"amendments:wall_lantern":2,"minecraft:green_bed":4,"minecraft:red_bed":1,"minecraft:smoker":2,"minecraft:torch":6,"minecraft:poppy":1,"minecraft:melon":24,"minecraft:chest":3,"supplementaries:wild_flax":1,"minecraft:glass":1,"minecraft:cobblestone":16,"minecraft:sugar_cane":24,"minecraft:wall_torch":10,"minecraft:seagrass":1,"croptopia:zucchini_crop":1,"minecraft:birch_log":7,"minecraft:wheat":18,"minecraft:infested_mossy_stone_bricks":1,"minecraft:grass":15,"minecraft:oak_log":58,"minecraft:sand":74,"minecraft:dirt":32,"minecraft:smooth_basalt":5,"minecraft:oak_leaves":6,"minecraft:deepslate":36,"minecraft:yellow_terracotta":6,"minecraft:tuff":1,"minecraft:deepslate_diamond_ore":6,"biomesoplenty:desert_grass":13,"gravestone:gravestone":11,"biomesoplenty:bush":2,"minecraft:decorated_pot":1,"biomesoplenty:dead_grass":1,"minecraft:sandstone":6,"biomesoplenty:dune_grass":20,"minecraft:hay_block":81,"minecraft:furnace":4,"minecraft:andesite":14,"minecraft:peony":1,"biomesoplenty:mahogany_leaves":1,"minecraft:deepslate_iron_ore":62,"minecraft:vine":6,"minecraft:wet_sponge":6,"minecraft:bamboo":2,"minecraft:stone":385,"minecraft:bone_block":18,"minecraft:smithing_table":1,"minecraft:acacia_leaves":1,"cyclic:flower_absalon_tulip":1,"biomesoplenty:orange_sand":4,"minecraft:brown_carpet":1,"minecraft:basalt":5,"cyclic:flower_purple_tulip":1,"minecraft:crafting_table":9,"minecraft:emerald_ore":2,"minecraft:sponge":2,"biomesoplenty:mahogany_planks":3,"minecraft:tall_grass":2,"minecraft:copper_ore":6,"minecraft:lapis_ore":7,"biomesoplenty:sprout":1,"minecraft:deepslate_gold_ore":40,"minecraft:diorite":22,"supplementaries:urn":45,"endermanoverhaul:tiny_skull":2,"biomesoplenty:mahogany_log":111,"minecraft:mangrove_planks":8,"minecraft:coal_ore":231,"minecraft:gravel":10,"minecraft:dripstone_block":2,"minecraft:cobweb":3,"minecraft:cracked_stone_bricks":1,"minecraft:acacia_planks":1,"minecraft:stone_bricks":53,"minecraft:chipped_anvil":1,"minecraft:mossy_stone_bricks":26,"minecraft:gold_ore":8,"minecraft:fern":24},"minecraft:crafted":{"minecraft:oak_planks":50,"minecraft:stone":139,"sophisticatedbackpacks:crafting_upgrade":2,"biomesoplenty:mahogany_slab":1,"minecraft:cooked_mutton":9,"sophisticatedbackpacks:smelting_upgrade":2,"minecraft:glass":22,"minecraft:iron_boots":2,"sophisticatedbackpacks:tank_upgrade":1,"croptopia:flour":12,"minecraft:chest":19,"minecraft:stone_bricks":29,"minecraft:oak_slab":6,"minecraft:item_frame":7,"minecraft:arrow":8,"sophisticatedbackpacks:backpack":2,"minecraft:cooked_porkchop":1,"minecraft:crafting_table":12,"minecraft:jungle_boat":3,"minecraft:iron_helmet":2,"minecraft:wooden_pickaxe":2,"sophisticatedbackpacks:upgrade_base":5,"minecraft:iron_chestplate":2,"cyclic:emerald_chestplate":1,"minecraft:shield":3,"minecraft:stick":58,"minecraft:iron_ingot":127,"minecraft:iron_pickaxe":5,"minecraft:stone_sword":3,"minecraft:gold_ingot":31,"minecraft:wooden_sword":1,"morebowsandarrows:iron_bow":1,"minecraft:iron_nugget":8,"biomesoplenty:mahogany_planks":53,"minecraft:furnace":7,"minecraft:glass_pane":16,"minecraft:lantern":11,"minecraft:iron_axe":1,"minecraft:stone_pickaxe":3,"minecraft:wheat":58,"sophisticatedbackpacks:iron_backpack":2,"minecraft:cooked_beef":27,"paraglider:paraglider":2,"supplementaries:item_shelf":1,"minecraft:iron_sword":1,"alexsmobs:boiled_emu_egg":4,"sophisticatedbackpacks:gold_backpack":2,"minecraft:stone_axe":1,"minecraft:bread":171,"minecraft:acacia_boat":1,"minecraft:air":1459,"minecraft:jungle_planks":39,"minecraft:oak_boat":1,"minecraft:golden_apple":1,"minecraft:iron_shovel":1,"minecraft:iron_leggings":3,"minecraft:acacia_planks":76,"cyclic:emerald_sword":2,"minecraft:torch":97},"minecraft:used":{"fishofthieves:cooked_wildsplash":5,"minecraft:iron_shovel":116,"biomesoplenty:mahogany_slab":6,"minecraft:bone_block":14,"minecraft:chest":17,"minecraft:shield":287,"minecraft:iron_sword":151,"minecraft:stone":1,"minecraft:rotten_flesh":2,"minecraft:iron_chestplate":1,"minecraft:jungle_planks":2,"minecraft:obsidian":3,"minecraft:glass":1,"minecraft:lava_bucket":2,"minecraft:lantern":14,"minecraft:iron_helmet":3,"minecraft:stone_bricks":133,"minecraft:item_frame":7,"minecraft:bow":24,"minecraft:hay_block":1,"endermanoverhaul:badlands_hood":1,"minecraft:furnace":9,"minecraft:mossy_stone_bricks":22,"morebowsandarrows:iron_bow":23,"minecraft:oak_planks":4,"minecraft:stone_pickaxe":143,"minecraft:mangrove_planks":1,"minecraft:wooden_pickaxe":45,"minecraft:sugar_cane":45,"minecraft:jungle_boat":3,"minecraft:yellow_terracotta":3,"minecraft:crossbow":35,"waystones:waystone":3,"minecraft:bread":59,"minecraft:melon_slice":31,"minecraft:gravel":8,"minecraft:wooden_sword":23,"minecraft:andesite":13,"minecraft:oak_boat":1,"minecraft:golden_pickaxe":23,"biomesoplenty:mahogany_planks":65,"minecraft:stone_sword":205,"minecraft:torch":174,"cyclic:emerald_sword":325,"supplementaries:item_shelf":1,"minecraft:chipped_anvil":1,"minecraft:iron_axe":252,"biomesoplenty:orange_sand":1,"minecraft:iron_boots":2,"paraglider:rito_goddess_statue":1,"minecraft:cooked_beef":30,"minecraft:acacia_planks":5,"minecraft:cobbled_deepslate":33,"minecraft:pointed_dripstone":1,"minecraft:iron_leggings":2,"alexsmobs:boiled_emu_egg":3,"croptopia:grape":1,"minecraft:cooked_mutton":20,"minecraft:wheat_seeds":13,"minecraft:acacia_boat":2,"minecraft:water_bucket":104,"minecraft:cobblestone_stairs":2,"croptopia:rhubarb":1,"minecraft:green_bed":4,"minecraft:crafting_table":18,"minecraft:red_bed":1,"cyclic:emerald_chestplate":1,"minecraft:oak_log":2,"minecraft:iron_pickaxe":948,"endermanoverhaul:tiny_skull":2,"minecraft:cobblestone":32,"minecraft:cooked_porkchop":3,"minecraft:bucket":106,"minecraft:glass_pane":4,"alexsmobs:animal_dictionary":6,"minecraft:chainmail_leggings":1},"minecraft:broken":{"minecraft:iron_chestplate":1,"minecraft:iron_leggings":1,"minecraft:stone_pickaxe":1,"minecraft:chainmail_helmet":1,"minecraft:shield":1,"minecraft:leather_boots":1,"minecraft:iron_pickaxe":2,"minecraft:iron_helmet":1}},"DataVersion":3465}