{"stats":{"minecraft:picked_up":{"minecraft:crafting_table":2,"croptopia:peach":5,"biomesoplenty:fir_log":10,"minecraft:flint":10,"supplementaries:flax_seeds":2,"minecraft:oak_log":5,"minecraft:gunpowder":1,"minecraft:string":5,"minecraft:dirt":36,"minecraft:bone":2,"minecraft:apple":9,"minecraft:bow":1,"minecraft:cobbled_deepslate":24,"minecraft:raw_gold":13,"minecraft:iron_ingot":3,"fishofthieves:earthworms":5,"minecraft:furnace":1,"minecraft:egg":2,"biomesoplenty:toadstool":1,"minecraft:stick":1,"minecraft:raw_iron":24,"minecraft:torch":13,"minecraft:gravel":44,"minecraft:sand":1,"minecraft:porkchop":3,"croptopia:oat":1,"minecraft:spruce_log":2,"minecraft:spider_eye":1,"minecraft:stone_sword":1,"minecraft:arrow":1,"minecraft:rotten_flesh":5,"croptopia:persimmon":7,"minecraft:diamond":2,"minecraft:granite":12,"minecraft:gray_wool":1,"minecraft:oak_sapling":3,"minecraft:mutton":13,"minecraft:coal":92,"minecraft:white_wool":7,"minecraft:cobblestone":72},"minecraft:mined":{"minecraft:deepslate_diamond_ore":2,"minecraft:crafting_table":2,"minecraft:torch":3,"gravestone:gravestone":1,"minecraft:granite":12,"croptopia:oat_crop":1,"minecraft:grass_block":8,"biomesoplenty:sprout":1,"minecraft:deepslate_gold_ore":13,"minecraft:wall_torch":9,"supplementaries:urn":1,"minecraft:furnace":1,"minecraft:iron_ore":4,"minecraft:spruce_log":2,"biomesoplenty:fir_log":10,"minecraft:grass":4,"minecraft:oak_log":5,"minecraft:coal_ore":73,"minecraft:deepslate_iron_ore":20,"minecraft:sand":1,"minecraft:gravel":55,"minecraft:dirt":28,"minecraft:stone":72,"minecraft:deepslate":24},"minecraft:killed":{"minecraft:pig":2,"minecraft:spider":3,"minecraft:creeper":1,"minecraft:skeleton":2,"minecraft:sheep":8,"minecraft:zombie":4},"minecraft:crafted":{"minecraft:oak_planks":5,"minecraft:stone_shovel":1,"minecraft:cooked_porkchop":3,"minecraft:crafting_table":2,"minecraft:wooden_pickaxe":1,"minecraft:furnace":2,"minecraft:white_carpet":3,"minecraft:cooked_mutton":13,"minecraft:air":72,"biomesoplenty:fir_planks":12,"minecraft:iron_chestplate":1,"minecraft:shield":1,"minecraft:stick":21,"minecraft:iron_ingot":21,"minecraft:iron_pickaxe":1,"minecraft:stone_pickaxe":1,"minecraft:white_bed":1,"minecraft:stone_sword":1,"minecraft:chest":1,"sleeping_bags:white_sleeping_bag":1,"minecraft:torch":32},"minecraft:custom":{"minecraft:interact_with_furnace":28,"minecraft:mob_kills":23,"minecraft:interact_with_crafting_table":25,"minecraft:leave_game":2,"minecraft:time_since_death":99912,"minecraft:sleep_in_bed":2,"minecraft:time_since_rest":6963,"minecraft:sprint_one_cm":141160,"minecraft:damage_taken":1215,"minecraft:walk_one_cm":193668,"minecraft:damage_blocked_by_shield":460,"minecraft:drop":5,"minecraft:damage_dealt":2838,"minecraft:swim_one_cm":46338,"minecraft:fly_one_cm":105588,"minecraft:open_chest":27,"minecraft:play_time":120209,"minecraft:deaths":1,"minecraft:sneak_time":167,"minecraft:walk_under_water_one_cm":23685,"minecraft:jump":971,"minecraft:walk_on_water_one_cm":26281,"minecraft:total_world_time":120209,"minecraft:fall_one_cm":17771},"minecraft:used":{"minecraft:cooked_mutton":7,"minecraft:stone_sword":72,"minecraft:stone_shovel":75,"minecraft:stone_pickaxe":110,"minecraft:wooden_pickaxe":20,"minecraft:chest":1,"minecraft:shield":20,"minecraft:iron_chestplate":1,"minecraft:torch":52,"minecraft:dirt":24,"minecraft:crafting_table":3,"minecraft:white_bed":1,"minecraft:apple":9,"minecraft:iron_pickaxe":93,"minecraft:gravel":5,"croptopia:peach":5,"croptopia:persimmon":5,"minecraft:bow":12,"minecraft:furnace":3,"minecraft:cooked_porkchop":3,"alexsmobs:animal_dictionary":1,"minecraft:egg":2,"minecraft:cobbled_deepslate":16},"minecraft:dropped":{"biomesoplenty:toadstool":1,"minecraft:stone_sword":1,"supplementaries:flax_seeds":1,"gravestone:obituary":1,"minecraft:stone_pickaxe":1}},"DataVersion":3465}