{"stats":{"minecraft:mined":{"minecraft:sugar_cane":1,"minecraft:sand":4},"minecraft:custom":{"minecraft:jump":56,"minecraft:time_since_rest":1545,"minecraft:leave_game":2,"minecraft:play_time":1545,"minecraft:sprint_one_cm":6933,"minecraft:damage_taken":10,"minecraft:time_since_death":1545,"minecraft:walk_one_cm":2677,"minecraft:total_world_time":1545,"minecraft:fall_one_cm":2692,"minecraft:fly_one_cm":14219},"minecraft:picked_up":{"minecraft:sand":4,"minecraft:sugar_cane":3}},"DataVersion":3465}